Profile Pic,Nums/Length Username,Full Name Words,Bio Length,External Url,Private,Verified,Business,#Posts,#Followers,#Following,Fake,Username
1,0,2,42,1,0,0,0,102,678,405,0,matteo_cattani_
1,0.067,2,0,0,0,0,0,58,334,434,0,gabrielebegani5
1,0,0,0,0,0,0,0,44,539,364,0,mattelazzari
1,0,2,14,0,0,0,0,188,3098,286,0,davidobrasil
1,0,2,0,0,0,0,1,496,1079,1979,0,sofiazammarchi_
1,0,2,0,0,0,0,0,139,4823,1245,0,giuliamarasi
1,0,2,119,1,0,1,0,17929,2829981,3,0,insanitypage
1,0.308,2,143,1,0,0,1,59,388,403,0,palanzano1946
1,0,2,22,1,0,0,0,1080,758,755,0,sofi_vicini
1,0,2,82,1,0,1,0,3059,52072642,1137,0,gigihadid
1,0.077,2,148,1,0,1,0,1646,4486001,1128,0,marchisiocla8
1,0,2,0,1,0,1,0,2777,207274684,440,0,cristiano
1,0,2,59,1,0,1,0,993,36622051,373,0,paulodybala
1,0,3,82,1,0,1,1,8544,37929360,57,0,juventus
1,0,1,47,0,0,0,1,99,1091,3083,0,unipulp
1,0,2,0,1,0,1,0,45,26597550,112,0,blakelively
1,0,2,0,1,0,1,0,260,5763212,329,0,itsmeleighton
1,0,3,96,1,0,0,0,33,225723,3,0,muschioselvaggio
1,0,2,32,1,0,0,1,233,904,830,0,alle__duboffi
1,0,2,0,0,0,0,0,143,1024,977,0,giovi_teba
1,0,1,28,0,0,0,0,65,652,730,0,francesco_vignali_
1,0,1,0,0,0,0,0,186,309,441,0,enrico_brilla
1,0,3,0,0,0,0,0,9,484,746,0,stefano.n.ferrari
1,0,1,140,0,0,0,1,119,222202,496,0,umbertone_ilvero
1,0,2,116,1,0,0,1,445,221840,2,0,brightswimwear
1,0.375,2,0,0,0,0,0,7,464,666,0,raba_792
1,0,3,59,1,0,0,1,2319,287082,6,0,filmfactory__
1,0,1,56,0,0,0,1,44,1043,597,0,anto_piscicelli
1,0,2,58,0,0,0,1,4,114,171,0,il_quadrifoglio_di_mb
1,0,2,18,1,0,1,1,543,1824784,345,0,luis_sal
1,0,2,65,0,0,0,1,175,830,769,0,leonardogalloni
1,0,2,0,0,0,0,1,80,440,397,0,guglielmoravagli
1,0,2,146,1,0,0,1,750,2060,3296,0,septshirt
1,0.2,2,0,0,0,0,0,7,104,199,0,eleelena96
1,0,2,90,1,0,0,0,136,746,765,0,bio_vicio
1,0,2,0,0,0,0,0,130,860,716,0,cosimopedrelli
1,0,2,94,0,0,0,0,98,1286,660,0,chiara_melloni
1,0,0,0,0,0,0,0,14,528,1193,0,pietro_schiaretti
1,0,2,141,0,0,0,0,59,535,649,0,ele_chellina
1,0,2,11,0,0,0,1,63,623,527,0,danielbehravan
1,0,2,23,1,0,1,0,27,30491886,329,0,jenniferaniston
1,0,2,0,0,0,0,1,22,332,719,0,riccardo.andreolli
1,0,2,47,0,0,0,1,702,1474,579,0,sabrinamilesi_
1,0,2,31,1,0,0,1,60,338,75,0,tequiero.party
1,0,2,42,0,0,0,1,359,1586,829,0,gregoriomonica_
1,0,4,90,1,0,0,1,871,28964,247,0,studenti.unicatt
1,0.3,2,0,0,0,0,1,300,1050,510,0,alessio400
1,0,2,6,0,0,0,0,38,1294,347,0,ariadneezucchi
1,0,2,17,0,0,0,1,16,857,410,0,mariachiaramanici_
1,0,1,58,0,0,0,1,2185,370195,87,0,musetti_animaletti
1,0,1,0,0,0,0,0,495,1885,939,0,cristianaadorni
1,0,1,149,0,0,0,1,156,226,187,0,dachiragasparma
1,0,0,46,0,0,0,1,512,58034,717,0,leonardotano
1,0.091,1,14,0,0,0,1,213,33000,296,0,lorenzotan0
1,0,5,70,1,0,0,1,9,3570,519,0,kelvylobomusic
1,0,1,25,0,0,0,1,84,1118,570,0,matildemarconi_
1,0,3,146,1,0,0,1,974,5654,3800,0,carpediem_milano
1,0,3,119,1,0,0,0,2109,7460,1993,0,isabellapetrosillo
1,0,3,13,0,0,0,1,1497,874,379,0,francicerri
1,0,1,135,0,0,0,1,70,285,638,0,makeup.b.artist
1,0,1,51,0,0,0,1,66,2370,1789,0,bianca_ispass
1,0,1,34,1,0,0,0,67,700,1335,0,mr.hxly
1,0,1,81,0,0,0,1,242,153,241,0,nailsbydenna_
1,0,2,92,1,0,0,0,684,13822,1691,0,normanrinaldi
1,0,2,127,1,0,0,1,134,127349,528,0,ponyhawk__
1,0,0,0,0,0,0,0,168,937,762,0,ollyaurora_
1,0,3,104,1,0,0,0,29,13668,24,0,lundyandherman
1,0,3,97,0,0,0,1,1383,84528,398,0,_arteecultura_
1,0,3,43,0,0,1,0,1197,1629957,720,0,salmaabudeif
1,0,1,140,0,0,0,1,706,5439,792,0,the_girls_of_eicma_official
1,0,2,34,0,0,0,0,725,16445,1154,0,rachelefogar
1,0,2,142,1,0,1,1,1621,15100,1145,0,daniel_canzian
1,0,4,94,1,0,0,1,535,654,343,0,ribonius
1,0,2,91,1,0,0,1,240,848,640,0,aribarazzoni
1,0,2,132,1,0,1,0,233,359990,660,0,umbertusss
1,0,1,105,1,0,1,1,984,95604,286,0,rosamosario_official
1,0,1,29,1,0,1,1,1449,590960,1,0,inamoratawoman
1,0,3,111,1,0,0,0,1140,84399,226,0,fleetilya
1,0,2,37,0,0,0,1,276,112851,583,0,matruletattoo
1,0,6,84,1,0,0,1,236,2137,633,0,elletattoos.ca
1,0,5,142,1,0,0,1,4317,643195,564,0,sashatattooing
1,0,3,143,0,0,0,1,1410,19363,3312,0,samueletavazzi
1,0,2,41,0,0,1,1,640,188539,377,0,francescatocca
1,0,2,62,0,0,0,1,1301,7320,2591,0,meavewiiley
1,0,2,47,0,0,0,0,9,1422,1956,0,_rebeccabloomwood
1,0,2,31,1,0,0,0,288,19772,993,0,j.bleu
1,0,2,74,1,0,0,0,2221,26399,974,0,alicebosconails
1,0,2,150,1,0,0,1,206,6401,5857,0,davidebernardelli
1,0,2,0,1,0,1,1,126,192095,1,0,aminamuaddiofficial
1,0,2,0,1,0,1,1,1074,199605,0,0,the.peterdo
1,0,2,0,1,0,1,1,1152,445397,0,0,jilsander
1,0.167,2,60,1,0,1,0,1637,1176604,847,0,goicoechea22
1,0,5,147,0,0,0,1,287,7275,5779,0,cory_nails_and_beauty_milano_
1,0,2,0,0,0,0,0,159,537,369,0,irecinus
1,0,1,29,0,0,0,1,76,2031,948,0,giuliachelotti
1,0,2,117,1,0,0,0,490,50894,315,0,somniaromantica
1,0,2,105,0,0,0,1,354,10797,1068,0,ilariadolar
1,0,2,136,1,0,0,1,227,19703,2523,0,alessiadonesss
1,0,2,148,1,0,0,0,1319,28179,3295,0,fabio_pregnolato_ph
1,0,3,32,0,0,0,1,210,39506,904,0,mariavittoriaferrarini
1,0,1,145,1,0,0,1,925,40925,3403,0,naheva_official
1,0,3,107,1,0,0,0,372,21054,925,0,maria.chob
1,0,2,45,0,0,0,0,1626,251653,444,0,idasjunnesson
1,0,1,28,1,0,0,0,188,129327,564,0,kitrysha
1,0,2,42,1,0,1,1,6585,7497761,108,0,acmilan
1,0,1,54,0,0,0,1,350,1189,1123,0,davidepoloni
1,0,1,0,0,0,0,1,664,63434,6246,0,roarvale
1,0,2,81,0,0,0,0,59,4554,0,0,chiara.nashop
1,0,2,57,1,0,0,1,17,1141,205,0,fffabrizia
1,0,1,18,0,0,0,0,23,133,473,0,flora.didedda
1,0,4,128,1,0,0,0,1595,46887,187,0,sonoilkingdelledruoghe
1,0,3,133,1,0,1,1,5733,155956,3462,0,vincenzodascanio
1,0.111,2,0,1,0,1,1,6597,278906,1399,0,alessandragrillo12
1,0,1,137,1,0,0,1,742,5663,3814,0,streetpeoplecasting
1,0,1,61,1,0,0,1,235,113848,27,0,wanderingofficial
1,0,2,15,1,0,0,1,181,1374,612,0,matteoxmontagna
1,0.25,1,43,0,0,0,0,31,499,458,0,emiliano.180
1,0,0,2,0,0,1,1,17,299846,635,0,alessiocampolii
1,0,2,31,0,0,0,1,285,30720,1414,0,_stefaniaferri
1,0,2,40,0,0,1,0,74,344349,535,0,veronicaburchielli
1,0,1,7,0,0,0,1,115,359,230,0,elisamazzuu
1,0,2,110,1,0,0,0,2237,8120,255,0,wannabemgmt
1,0,2,53,0,0,0,1,665,4080,615,0,giorgiaholic
1,0,2,116,0,0,0,0,100,1188,465,0,princigirls
1,0,2,134,0,0,0,0,365,47452,599,0,jessicapix_
1,0,3,113,1,0,1,0,4427,61413,914,0,amandatoy
1,0,2,80,0,0,0,1,171,1037,951,0,camilla.volpini
1,0,1,104,0,0,0,1,538,3287,410,0,borbonibenedetta
1,0,3,149,1,0,0,1,461,7944,1038,0,myclosetmilano
1,0,2,74,1,0,0,1,606,46062,2921,0,nyktos_ph
1,0,3,120,1,0,0,0,548,19305,2141,0,robertomanniniphoto
1,0,2,145,0,0,0,1,216,1704,526,0,andreacremas_ph
1,0,3,12,0,0,0,0,125,1471,1006,0,giotabacchi
1,0,2,146,0,0,0,1,1138,14349,1876,0,juliverinova
1,0,4,134,1,0,0,1,1618,60732,69,0,lefayresorts
1,0,2,68,1,0,0,1,139,17084,2879,0,fabiobozzetti
1,0,2,44,0,0,0,1,249,9681,728,0,gotommypro
1,0,2,122,1,0,0,0,5629,676112,10,0,couples_magazine
1,0,1,24,1,0,0,1,114,3387,993,0,monalavia
1,0,2,129,1,0,0,1,83,2352,1430,0,dr_pedrelli_inkremoval_milano
1,0,3,118,0,0,0,1,36,1173,1449,0,the.secretroom
1,0,2,113,1,0,0,1,156,12439,791,0,cristian_imperiale
1,0,2,48,0,0,0,0,15,51,6,0,lara_arluni_fan_page
1,0,3,67,0,0,0,1,1236,3539,881,0,lauraadicristofaro
1,0,3,48,0,0,0,1,90,3447,675,0,klover_studio
1,0,1,89,1,0,0,0,1718,82988,1372,0,mcqueen_vault
1,0,3,123,1,0,0,1,888,30699,239,0,motorbikeexpo
1,0,1,0,0,0,0,0,1692,6124,1452,0,iocca
1,0,2,22,0,0,0,1,9,1702,879,0,eleonorachiarato
1,0,1,118,0,0,1,0,354,618308,866,0,robertazacchero
1,0,3,112,1,0,0,0,353,12352,495,0,taty_etl
1,0,3,96,1,0,0,0,429,124952,273,0,lexx.little
1,0,2,34,1,0,0,0,219,1014,846,0,emilia__corrado
1,0,4,134,1,0,0,1,180,82739,576,0,riccardoderinaldis
1,0,2,80,1,0,0,0,1061,672308,138,0,radoslav_raychev
1,0.429,3,21,1,0,0,1,194,21900,499,0,mag_104
1,0,3,78,1,0,0,0,2039,19565,2283,0,trailcam_outdoorsara
1,0,2,140,1,0,1,0,1040,3310695,251,0,andreideiu_
1,0,2,115,1,0,1,0,2344,3962636,205,0,jeff_seid
1,0,2,36,1,0,1,1,399,16962068,401,0,georginagio
1,0.1,2,147,1,0,0,0,2430,29375,1490,0,eugeniosc8
1,0,2,0,0,0,0,0,10,669,296,0,andreabeglioomini
1,0,4,111,1,0,1,0,611,966719,2233,0,vegasyt
1,0,2,117,1,0,0,0,310,156123,286,0,oliverforslin
1,0,3,71,0,0,0,1,107,21595,79,0,collegio.edit
1,0,2,68,1,0,0,0,41,706305,554,0,sigh.tanc
1,0,2,123,1,0,1,0,2575,1758235,262,0,surry
1,0,1,0,0,0,0,0,60,269,111,0,marilena.mery
1,0,2,26,1,0,1,0,5238,129898680,376,0,justinbieber
1,0,1,26,0,0,0,1,7,1294,992,0,manuel.cavalleri
1,0,2,131,1,0,1,0,1121,2439411,1849,0,ludovicapagani
1,0,2,90,1,0,1,0,172,1641401,149,0,roberryc
1,0,4,90,1,0,1,0,2844,2307159,174,0,lookatsascha
1,0,3,123,1,0,0,0,194,38936,540,0,andrea_miccio_trainer
1,0,2,93,0,0,1,0,360,139666,1954,0,luca__raina
1,0,1,111,1,0,0,0,56,673210,717,0,diegolazzari_
1,0,1,116,1,0,1,0,206,1935205,97,0,rosalba
1,0,1,75,0,0,0,1,1,642,539,0,georgealliwant
1,0,1,61,0,0,0,0,8,1119,945,0,miriammasio
1,0,5,150,0,0,0,0,2435,43460,7438,0,lucialuciano
1,0,1,27,1,0,1,1,25,2300420,405,0,ghali
1,0,2,141,0,0,1,0,241,215375,1778,0,joridelli
1,0,2,90,0,0,0,1,536,172218,993,0,tonyipants
1,0,2,63,1,0,1,1,1354,2078442,190,0,la_mainoo
1,0,3,42,1,0,0,1,11,1361,570,0,_emanueledimurro_
1,0,2,77,0,0,0,0,759,146977,124,0,luigi_lauro
1,0,2,125,1,0,1,1,1286,1251352,0,0,rowanrow
1,0,4,115,1,0,0,1,8104,466908,5812,0,bestofcasualstyle
1,0,2,118,0,0,0,1,238,81226,137,0,nunoantunes_
1,0.231,1,147,0,0,0,1,1542,98669,211,0,gentlleman007
1,0,6,38,0,0,0,1,203,325940,378,0,__ivanx__
1,0.2,1,11,0,0,0,0,1,102,269,0,eva_chou13
1,0,3,66,1,0,1,0,125,1449279,178,0,sespo
1,0,2,52,0,0,1,0,163,410099,145,0,adriano.occulto
1,0,2,119,1,0,1,0,260,9643333,1469,0,charlidamelio
1,0,2,136,1,0,1,1,60,600097,992,0,robertomagro_
1,0,2,125,1,0,0,1,3228,459517,1,0,zaramenmag
1,0,3,146,1,0,0,1,20,1319,397,0,edoardo_maria_
1,0,2,69,1,0,1,1,40,207462,331,0,alessandro__carnevale
1,0,2,124,1,0,0,0,35,258099,168,0,alysiapiccamiglio
1,0,1,29,0,0,1,0,86,1387401,209,0,valerio.mazzei
1,0,2,105,1,0,0,0,316,418230,297,0,giuseppe__barbuto
1,0,1,28,1,0,1,1,5553,23161521,6,0,prada
1,0,2,88,1,0,1,0,258,40459579,966,0,dualipa
1,0,3,48,1,0,1,1,4198,37674603,5,0,louisvuitton
1,0,1,0,1,0,1,1,6743,39909522,206,0,gucci
1,0,2,139,0,0,0,0,185,119657,646,0,piero_maggio_official
1,0,2,45,0,0,1,0,93,536357,579,0,martinabrondin
1,0,4,126,1,0,1,1,529,1279504,704,0,alice.debortoli
1,0,1,93,0,0,0,0,2215,305596,321,0,fabrizioaldobelfiore
1,0,0,9,1,0,1,0,0,1130515,0,0,tha.supreme
1,0,3,122,0,0,0,0,8,324,256,0,bugiac
1,0,2,142,1,0,0,1,134,35852,425,0,niccolo_leone_ph
1,0,2,108,1,0,0,0,250,77158,668,0,marilisapino
1,0,1,80,0,0,0,0,6,174,87,0,il.sorriso.di.george
1,0,3,133,0,0,1,1,27,217883,314,0,montuorigabrielee
1,0,2,60,1,0,0,0,43,171216,87,0,phrancescoguarnieri
1,0.4,1,93,1,0,0,1,7,1228,6100,0,ema1431_qz
1,0,1,0,0,0,0,1,15,765,969,0,garbariniguido
1,0,2,108,0,0,0,0,60,492449,307,0,claudia.dorelfii
1,0.111,1,63,0,0,1,1,2642,226902,82,0,instarai2
1,0,0,72,0,0,0,0,76,1241,376,0,george.my.wish
1,0,1,115,0,0,0,0,5,250,32,0,lebimbediciupilan
1,0,2,63,1,0,1,0,60,210352,449,0,andrea.bellantoni
1,0,1,127,0,0,0,1,15,642,238,0,georgexshine__
1,0,1,73,0,0,0,0,7,441,40,0,aliveforgeorge
1,0,2,148,1,0,1,1,4686,1633507,335,0,gfuelenergy
1,0,2,71,1,0,0,1,2140,10697,1218,0,epicfireworks
1,0,3,36,1,0,1,1,3426,726061,1,0,alyxstudio
1,0,2,137,1,0,1,0,431,224066,10,0,tommywiseau
1,0,1,110,1,0,0,0,127,299736,365,0,chanbanhi
1,0,2,116,1,0,0,1,680,17715,1,0,additionadelaide
1,0,2,130,1,0,1,1,119,984001,50,0,jontronshow
1,0,2,77,1,0,1,0,160,230347,27,0,boyinaband
1,0,1,25,1,0,1,1,140,9647899,369,0,mrbeast
1,0,1,70,1,0,0,0,372,229138,344,0,cyranek_
1,0,1,36,1,0,1,1,1678,563606,320,0,jessicakobeissi
1,0,2,25,1,0,0,1,298,15764,4043,0,jeronbraxton
1,0,1,76,1,0,0,1,28,233450,128,0,roomieofficial
1,0,1,36,1,0,0,1,12,1687044,66,0,jaiden_animations
1,0,1,46,0,0,1,0,85,848141,286,0,pyrocynical
1,0.062,2,143,1,0,0,0,92,411505,296,0,anything.4.views
1,0.143,2,66,1,0,0,1,161,110904,289,0,cut_mp4
1,0,2,75,1,0,1,0,139,4822005,36,0,thisisbillgates
1,0,2,43,0,0,0,0,200,369707,390,0,igotsilver
1,0,1,75,1,0,1,0,207,707792,74,0,voice_over_pete
1,0,2,132,1,0,0,0,177,115087,119,0,the_imperishable_sammy_zenith
1,0,0,68,0,0,0,1,377,187967,0,0,shibuyameltdown
1,0,4,108,1,0,0,1,349,296804,153,0,joey.the.anime.man
1,0,1,91,1,0,0,0,284,370211,187,0,akidearest
1,0,1,118,1,0,0,1,80,5561,200,0,mosskyn
1,0,5,146,1,0,0,1,808,46760,447,0,tokidokitraveller
1,0,1,13,1,0,1,0,177,4565602,1,0,sushitrash
1,0,2,71,1,0,1,0,1494,7639371,368,0,alanwalkermusic
1,0,1,13,1,0,1,1,7019,3765806,0,0,vetements_official
1,0,2,0,0,0,0,0,239,33271,310,0,johanna_kjellberg
1,0.091,4,122,1,0,0,0,75,97172,281,0,papyrus.mp4
1,0,1,76,1,1,0,0,678,680471,486,0,loudequalsfunny
1,0,0,130,0,0,0,0,158,198076,319,0,thi.ccmemes
1,0,3,140,0,0,0,0,69,210859,95,0,need.if
1,0.143,1,91,1,0,0,0,155,180157,328,0,its_rockstar47
1,0,2,22,1,0,1,0,354,143010,125,0,dg_bladee
1,0,1,61,1,0,0,0,207,269897,175,0,notkinghill
1,0,1,86,1,0,0,1,249,237220,112,0,mai_accents
1,0,2,108,1,0,0,0,7,29941,628,0,shigerus_dankest_son
1,0,1,18,0,0,0,1,29,31881,48,0,austis.m
1,0,1,146,1,1,0,0,711,337506,747,0,bearboob
1,0.083,4,75,1,0,0,0,754,232740,477,0,labrynth.mp4
1,0.111,1,104,1,0,0,1,191,248382,355,0,retry.mp4
1,0,2,115,1,0,0,0,348,592933,402,0,nitro.if
1,0,6,110,0,0,0,1,457,82528,343,0,tallweeb
1,0,0,99,0,0,0,0,2577,83255,482,0,a.spicy.meme
1,0,2,129,1,0,0,0,103,198108,306,0,toucher_of_cancer
1,0.125,1,34,1,0,0,0,76,260554,187,0,bltw.mp4
1,0,4,136,1,0,0,0,403,203743,34,0,memedealer.dan
1,0,2,35,1,0,0,0,36,202594,88,0,prodigy.dude
1,0.071,1,41,0,0,0,1,24,15419,218,0,incoherent.mp4
1,0,4,20,0,0,0,0,96,64365,139,0,arnoldthepipeknight
1,0,1,90,1,0,0,1,608,3297268,222,0,grandayyyyyy
1,0.056,2,41,0,0,0,0,5564,782599,119,0,autistic.potato.v1
1,0,1,139,1,0,0,0,442,346955,469,0,bepis.man
1,0,2,70,1,0,0,0,223,53579,634,0,delfino.luigi
1,0.1,1,77,1,0,0,0,40,107960,262,0,patpat.mp4
1,0,1,17,1,0,0,0,275,52786,573,0,dankerbeef
1,0,4,60,0,0,0,1,1079,178015,230,0,sinful.cats
1,0.1,1,32,1,0,0,0,519,432670,376,0,ironic.mp4
1,0,1,144,1,0,0,0,247,224260,122,0,lilfatherfigure
1,0,2,124,1,0,1,1,71,406570,0,0,tsuki_market
1,0,3,150,1,0,0,1,2039,29363,2,0,magicstick_tyo
1,0,1,68,1,0,1,1,1402,716288,213,0,maxmoefoeofficial
1,0,3,61,1,0,1,0,94,1471161,126,0,idubbbz
1,0,4,77,1,0,0,1,1141,21611,1090,0,haskey_c
1,0,1,84,1,0,0,0,46,68718,1,0,marzia_clothing
1,0,2,34,1,0,1,1,85,466137,47,0,teddyfreshofficial
1,0,2,54,1,0,1,1,312,1558283,337,0,darkdolan
1,0,2,13,1,0,0,1,695,2751091,938,0,sirjoancornella
1,0,1,48,1,0,1,0,3891,756600,260,0,lushsux
1,0,3,54,0,0,0,1,283,72892,1080,0,mariaclaratattoo
1,0,2,0,0,0,0,0,27,17026,38,0,ukjellberg
1,0,2,124,1,0,0,0,122,18902,4,0,duck_posts
1,0,3,37,1,0,1,0,146,496492,127,0,watashiwanoodle
1,0,3,128,1,0,0,1,336,11380,32,0,pearlywhites_uk
1,0,0,52,0,0,0,0,121,26576,115,0,roofercyril
1,0,2,32,1,0,0,1,138,12867,20,0,penaquen
1,0,2,49,0,0,0,1,2090,122294,500,0,overcooked.doggo
1,0.077,4,148,0,0,0,1,221,14125,2,0,darksouls3pvp
1,0,1,44,1,0,0,1,621,27917,566,0,heresylondon
1,0,2,34,1,0,0,1,1529,51178,967,0,dudesfactory
1,0,1,85,1,0,0,0,1614,90222,423,0,mcbess
1,0,2,27,1,0,0,1,752,66572,852,0,thegoodworth
1,0.267,2,124,1,0,0,0,402,77631,1130,0,willpacheco1988
1,0,2,60,1,0,1,0,1221,1308972,111,0,landonorris
1,0,3,0,0,0,0,1,17,478,465,0,emanueledandri
1,0,0,0,0,1,0,0,65,2809,782,0,gaiamanzotti
1,0,2,0,0,1,0,0,243,3552,2222,0,federica_rais_
1,0.182,2,144,0,0,1,0,1825,155689,462,0,toprak_tr54
1,0.1,2,97,0,0,1,0,52,31008,350,0,federicocaricasulo64
1,0,2,106,1,0,1,1,1179,882771,493,0,volofabio
1,0,2,16,0,1,0,0,4,953,680,0,mr.muscalzone
1,0,1,38,0,1,0,0,715,1165,1063,0,luciacotti_
1,0,2,30,0,1,0,0,158,905,459,0,jessica_ghirardi
1,0,2,5,0,1,0,0,10,1971,534,0,spezia.giulia
1,0,6,111,0,0,0,1,256,42066,1565,0,gemslife_
1,0,1,7,1,0,0,1,467,2022,793,0,aldrovandilaura
1,0,1,15,0,1,0,0,279,1235,947,0,borrellicamilla
1,0,2,0,0,0,1,0,293,282788,1061,0,marco_giallini_official
1,0,2,87,1,0,1,0,51,173149,76,0,leleadani
1,0,2,92,1,0,1,1,4390,1483531,80,0,hypebeaststyle
1,0,2,63,1,0,1,1,2075,3361296,307,0,netflixit
1,0.083,2,0,0,1,0,0,16,488,348,0,marcofabbri1
1,0,2,0,0,1,0,0,125,964,469,0,maestridebora
1,0,2,88,0,0,0,1,173,1737,995,0,elenacosta__
1,0,1,0,0,0,0,1,102,451,413,0,bernardo.bompani
1,0,1,1,0,0,0,0,44,746,822,0,rocco_mordonini
1,0,2,16,0,0,0,1,235,2023,618,0,iamninarosa
1,0,2,0,0,1,0,0,49,693,566,0,matteo_spaggiari
1,0,1,5,0,0,0,1,21,681,484,0,marco_leondiaz
1,0,3,67,1,0,1,1,12560,37207866,81,0,natgeotravel
1,0,3,31,0,0,1,0,519,298188,325,0,francescasofianovello
1,0.083,4,127,1,0,1,0,584,65210,156,0,carlfogarty1
1,0.143,2,105,1,0,1,1,845,36884,1797,0,aledelbianco52
1,0,3,0,0,0,1,0,29,391445,960,0,timothyweah
1,0,2,88,1,0,1,1,3541,7873243,341,0,mclarenauto
1,0,2,38,1,0,1,0,657,2762095,580,0,charles_leclerc
1,0,2,145,1,0,1,0,781,14688383,0,0,lewishamilton
1,0,2,59,0,0,0,0,391,1377,863,0,martinaafrontera
1,0,4,0,0,0,1,0,444,45832209,45,0,robertdowneyjr
1,0,4,93,1,0,1,0,559,970559,2060,0,klaus
1,0,1,71,1,0,1,1,4824,799679,239,0,worldsbk
1,0.182,4,70,1,0,1,0,900,54356,147,0,kschwantz34
1,0,2,3,1,0,1,1,1434,4613724,549,0,lukadoncic
1,0.05,4,0,0,0,1,0,169,244660,261,0,brunoralves2oficiall
1,0,3,12,1,0,1,1,2857,1754485,67,0,ktmfactoryracing
1,0,1,39,0,0,1,1,820,109764,161,0,takanakagami
1,0.286,2,97,0,0,1,1,1621,378474,375,0,mbeli21
1,0,3,94,1,0,1,1,6886,683681,410,0,marchmadness
1,0,2,12,0,0,1,1,390,3848779,384,0,dloading
1,0,5,75,1,0,1,1,4115,1281759,349,0,officialwrc
1,0,4,23,0,0,0,0,10,37,35,0,piuperrysuisocial
1,0.182,2,63,0,0,0,0,9,787,949,0,riccardo10_
1,0,2,31,0,1,0,0,13,837,872,0,eliza_goldsmith
1,0.286,2,30,0,0,0,0,2,1509,683,0,kish.14
1,0,1,17,0,0,0,0,26,1941,771,0,dolcenbagana
1,0,5,133,1,0,0,0,149,4985,1032,0,aimeetwistartistry
1,0,3,27,1,0,0,1,136,674,747,0,agneswonke
1,0,1,5,0,0,0,1,9,8856,1066,0,tash.lash
1,0,0,5,0,0,0,0,0,469,354,0,j.digweed_
1,0,0,10,0,0,0,0,1,314,269,0,m._kay
1,0,0,23,0,0,0,0,1,1140,1236,0,sigbinss
1,0,2,137,1,0,1,0,2738,934619,2153,0,sarashakeel
1,0,1,113,1,0,1,0,517,1224041,794,0,aarongordon
0,0,0,0,0,0,1,1,0,50044,256,0,thestarters
1,0.2,2,146,0,0,1,0,103,435618,783,0,jmglitxh27
1,0,1,79,0,0,1,0,1935,1105568,543,0,ryanbabel
1,0,3,148,1,0,1,1,15189,16232745,728,0,houseofhighlights
1,0,2,110,1,0,1,1,2844,1091449,762,0,giuliasalemi
1,0,2,110,0,0,1,0,1312,1448840,703,0,alecattelan
1,0,1,31,1,1,0,0,89,1034,876,0,alissfranzini
1,0,1,0,0,1,0,0,163,3267,636,0,sofia_gere
1,0,2,13,0,1,0,0,40,951,454,0,silviabizzarri_
1,0,1,0,0,1,0,0,52,775,401,0,guidolandini
1,0,2,12,1,0,1,0,390,2903831,391,0,danielricciardo
1,0,2,26,1,0,1,0,243,5427847,100,0,elettramiuralamborghini
1,0,2,103,1,0,1,0,5404,6287397,484,0,wanda_icardi
1,0,2,0,0,0,1,0,1116,600358,16,0,michaelkeatondouglas
1,0,3,0,0,0,0,0,47,7685,2217,0,stefaniaridii
1,0,3,49,0,0,0,0,37,706,308,0,raeccelina
1,0,2,29,0,1,0,0,3,545,434,0,mattia.ricucci
1,0,2,81,1,0,1,0,479,860378,234,0,mickschumacher
1,0.5,2,76,1,0,1,1,8762,9034441,53,0,f1
1,0,1,0,1,0,1,0,4948,64089784,2174,0,champagnepapi
1,0,2,44,1,0,0,0,69,640,617,0,allefanti
1,0,1,63,1,0,0,1,2276,193564,989,0,lagiornatatipo
1,0,4,64,0,1,0,0,84,412,668,0,riccardozirri
1,0,2,128,0,0,0,1,153,2133,1686,0,borsivisuals
1,0,1,17,0,0,0,0,57,680,627,0,_mattiaporta_
1,0,3,148,0,1,0,0,2755,1826028,557,0,ubriachifannocose
1,0,1,39,0,1,0,0,178,1785,945,0,francesca.bontempi
1,0,2,2,0,1,0,0,25,1936,1475,0,giuliaazurlo
1,0,2,0,0,0,1,0,1982,61400037,329,0,kingjames
1,0,2,91,1,0,1,1,28121,12349995,574,0,bleacherreport
1,0,1,124,1,0,1,1,29969,16175149,278,0,sportscenter
1,0,2,129,1,0,1,1,766,6811341,82,0,patrice.evra
1,0,2,99,1,0,0,0,35,92322,34,0,ingegnere_king
1,0,2,3,0,1,0,0,151,726,485,0,alessiaciardo_
1,0,2,99,1,0,0,1,8,90107,27,0,yellowbet_
1,0,2,0,0,1,0,0,77,523,362,0,laura_vigevani
1,0,2,0,0,1,0,0,4,336,297,0,betlemmee
1,0,2,43,0,1,0,0,121,740,514,0,camilla_cotti_
1,0,1,39,0,1,0,0,196,681,687,0,sigma.bi
1,0,1,105,1,0,0,1,170,1331,879,0,greta_micheli
1,0,2,111,1,0,0,1,37,785,702,0,davidefantuzziproduction
1,0,1,37,1,0,1,1,2758,16285128,1306,0,dwyanewade
1,0,5,84,0,0,1,0,2771,4250891,365,0,dimitrivegasandlikemike
1,0,2,17,0,1,0,0,195,892,974,0,alex__romeo
1,0,1,0,0,1,0,0,74,290,293,0,ileana.mazzieri
1,0,1,0,0,1,0,0,48,1686,1083,0,giulia_arduini
1,0,2,111,0,0,0,0,637,139727,535,0,mirkocisco
1,0,2,0,0,0,0,0,20,651,941,0,lorenzoghillani
1,0,2,27,0,1,0,0,58,1181,469,0,martina_frati
1,0.077,2,40,0,0,0,1,118,3516,1020,0,violaverdini1
1,0,2,0,1,0,1,0,870,6936911,1126,0,gwynethpaltrow
1,0,1,22,1,0,1,1,1877,103488,156,0,iuter
1,0,2,0,0,1,0,0,41,306,402,0,camillapinardi
1,0,1,52,0,1,0,0,226,1739,718,0,sofiacoruzzi
1,0,2,6,0,1,0,0,1,203,231,0,gianmarco.pazzoni
1,0.091,1,27,0,1,0,0,14,90,72,0,5s_copatori
0,0,2,35,0,0,0,1,27,1316,909,0,alessiagiacomelli_
1,0,4,105,1,0,1,0,801,599879,455,0,jordhammond
1,0,2,24,0,0,1,0,1298,36670304,840,0,gal_gadot
1,0.167,2,116,0,0,0,0,103,320,265,0,duke_bello98
1,0,2,26,0,1,0,0,5,202,355,0,chad.sebapicchi
1,0,1,71,0,1,0,0,105,4475,2068,0,giuliasonciniii
1,0,1,67,0,0,0,1,76,9239,2160,0,giadasoncinii
1,0,2,31,1,0,1,0,260,1808431,29,0,kimimatiasraikkonen
1,0,2,0,0,1,0,0,143,1334,770,0,lucrezia_carra
1,0,3,32,0,1,0,0,78,1586,799,0,alice.amoretti
1,0,2,35,0,0,0,1,333,3467,636,0,elisa_narducci
1,0,2,12,0,0,0,1,304,6643,1295,0,b.eatriss
1,0,2,0,0,1,0,0,60,474,409,0,tommi_orla
1,0,1,0,0,0,0,0,138,176,272,0,mattebocchi
1,0,1,0,0,0,0,1,70,1754,397,0,carlottazamagni
1,0,1,47,0,1,0,0,150,721,503,0,_nicholasbarone
1,0,2,41,1,0,0,0,2,1102,1222,0,eleenacanetti
1,0,1,114,1,0,0,1,88,60754,119,0,gamester_official
1,0,2,123,0,0,0,1,47,189,68,0,upd_basilicastello
1,0,2,0,0,1,0,0,302,989,918,0,irene_dilda
1,0.105,2,15,0,0,0,0,10,1137,201,0,nicolebertoletti_10
1,0,2,31,0,0,0,1,155,846,801,0,_phrancesco
1,0,2,0,0,1,0,0,3,171,230,0,giovannidangelo_
1,0,1,4,0,1,0,0,498,1067,833,0,_giuliaferretti
1,0,1,67,0,0,0,1,4,405,603,0,dariodamianio
1,0,1,33,1,0,0,1,510,66016,42,0,pigliatutto_
1,0,2,12,0,1,0,0,245,790,480,0,emanuelabocchi
1,0,2,100,0,1,0,0,143,563,570,0,elisanzalone
1,0.143,2,70,0,0,0,1,147,1522,1586,0,rosi_michele99
1,0,2,29,0,1,0,0,33,555,451,0,francesco.marchi
1,0,4,14,1,0,0,1,15,511,248,0,il_baffo_dorato
1,0,2,5,0,1,0,0,12,3266,606,0,chiaraavolpe
1,0,2,0,0,1,0,0,14,2521,876,0,vittoria.zecca
1,0,2,36,0,1,0,0,78,998,439,0,bbennuz
1,0,3,142,0,0,0,0,79,1057,348,0,valeriograzianii
1,0.2,2,138,1,0,0,0,198,1263,846,0,leospadi48
1,0,2,13,0,0,0,1,69,1034,992,0,ernesto_orrero
1,0,3,71,1,0,1,1,37847,5327634,1763,0,brfootball
1,0,2,126,0,0,1,0,58,4903445,205,0,zionwilliamson
1,0,0,0,0,0,0,0,20,1237,552,0,sami_asfor
1,0,2,139,1,0,1,0,55,101898,125,0,giovanni_iltrap
1,0,2,0,1,0,1,0,1062,1492958,501,0,sungkangsta
1,0,1,0,0,1,0,0,74,1103,654,0,delledonnevalentinaaa
1,0,2,34,1,0,1,0,156,3364516,75,0,francescototti
1,0.143,2,15,1,0,1,0,927,16325642,144,0,annakendrick47
1,0,2,0,0,0,0,0,14,1350,388,0,vvitalp
1,0,2,11,0,1,0,0,174,1026,858,0,valentinacavazzini_
1,0,2,0,0,0,0,1,19,878,534,0,mr.raama
1,0,2,0,0,1,0,0,84,3636,394,0,giiuliabianchi
1,0,2,34,0,0,0,0,17,533,613,0,giovane_mushroom
1,0,2,0,0,0,0,0,42,1102,387,0,giorgiabigliardii
1,0,2,5,0,1,0,0,95,1388,1357,0,carolina_boraschi
1,0,2,49,1,0,1,1,1326,25620133,67,0,marvelstudios
1,0,3,0,0,0,0,0,56,626,413,0,nicolo_dimartino
1,0.095,2,0,0,0,0,0,13,469,563,0,alessandro.biagini.90
1,0,2,9,0,0,0,1,16,454,494,0,salvadori_riccardo
1,0,2,5,0,1,0,0,70,648,595,0,gretamarinucci
1,0.25,2,0,0,0,0,1,132,323,516,0,giak__14
1,0,2,22,0,0,0,1,4,679,977,0,__rain_____
1,0,4,0,0,0,0,0,119,1754,1279,0,emilia.ml
1,0,1,26,1,0,0,1,206,1255,2887,0,sophiahcases
1,0,5,146,0,0,0,1,32,127,202,0,gb_photography_lnd
1,0,2,31,0,0,0,1,14,1038,832,0,sanz_st
1,0,2,94,0,0,0,0,28,284,237,0,abbiedouglas.scout
1,0,2,40,0,0,0,0,19,698,1253,0,susiewalston
1,0,2,13,0,0,0,1,18,2080,2106,0,astridburley
1,0,2,34,1,0,1,1,29,9492035,1006,0,lilyachty
1,0,2,10,0,0,0,0,103,1535,1892,0,milena.coulter
1,0.083,0,13,0,0,0,0,28,1773,1000,0,fox_santana3
1,0.182,2,15,0,0,0,1,16,462,1027,0,frankie_h02
1,0,2,119,1,0,0,0,755,259286,170,0,xenia.lau
1,0,2,53,0,0,1,1,1959,718174,1076,0,alessioalbi
1,0,0,0,0,1,0,0,38,1072,584,0,chiarazucchi_
1,0,1,150,1,0,0,0,2783,46280,23,0,curiotech.it
1,0,2,27,0,0,0,0,11,50,531,0,zpierfrancesco
1,0,1,91,0,0,0,1,68,573,615,0,matteoalfieri_
1,0,2,0,1,1,0,0,143,372,443,0,roberto.traina
1,0,1,0,0,1,0,0,183,385,446,0,gabrielecazzatos
1,0,2,127,1,0,1,0,560,942342,439,0,patrickcutrone
1,0,2,0,0,1,0,0,79,917,410,0,elenacaldarola
1,0,1,0,0,1,0,0,30,1389,793,0,chiara_arduini
1,0,1,38,0,0,0,0,314,2397,844,0,mariabertolini_
1,0,2,0,0,0,0,1,13,5653,602,0,miriamtomasello_
1,0,1,25,0,1,0,0,10,795,505,0,bigyolo_
1,0,2,0,0,0,0,0,10,245,388,0,filipp.ppino
1,0,2,85,0,1,0,0,52,904,752,0,sirenesenzas
1,0,3,47,1,1,0,0,113,414,402,0,greta_didio
1,0,2,44,1,0,1,0,1706,13711715,275,0,realbarbarapalvin
1,0,2,38,0,1,0,0,173,639,530,0,ricchettichiara
1,0,2,19,0,1,0,0,104,709,447,0,simonespagnoli_
1,0,1,148,1,0,0,0,222,63737,837,0,victoriamisu
1,0.6,2,0,0,0,1,0,459,82917,351,0,theo123456
1,0,1,59,0,0,0,1,21,951,675,0,dillonclarke_
1,0,2,100,1,0,0,1,119,1436,512,0,sogolmakeup
1,0,3,48,1,0,0,0,311,3210,1010,0,mearakallista
1,0,1,101,1,0,1,1,14192,1087876,23,0,hypebae
1,0,2,68,1,0,0,1,113,3048,524,0,keenancgyamfi
1,0,2,46,1,0,0,1,1551,58293,799,0,abdullaelmaz
1,0,2,11,0,0,0,1,9,326,531,0,mugens_bby
1,0,1,2,1,0,0,1,9,3189,999,0,kamalnw
1,0,1,6,0,0,0,0,31,2776,803,0,lolaforsyth
1,0,1,34,1,0,0,1,136,12788,194,0,i.sabella.g
1,0,2,18,1,0,0,1,673,2659,913,0,kai.crossman
1,0,2,48,0,0,0,0,479,3781,757,0,elsiematilda
1,0,4,149,0,0,1,0,975,1450714,1313,0,inkawilliams
1,0,2,44,0,0,1,1,2620,442781,436,0,amberasaly
1,0,2,60,0,0,0,0,1473,66598,833,0,carlottawinder
1,0,2,22,1,0,0,0,30,1220,1170,0,camberwellian
1,0,4,22,1,0,0,0,9,540,496,0,armadadadavid
1,0,1,6,0,0,0,0,0,454,262,0,certialbz
1,0,1,72,1,0,0,0,1026,492858,180,0,slimesunday
1,0,1,0,0,0,0,0,8,1356,1536,0,lolaapeach
1,0,2,66,0,0,0,1,191,156040,649,0,nicholas.fols
1,0,1,5,0,0,0,0,65,899,691,0,andreabondanelli_
1,0,2,98,0,0,1,1,512,3821244,565,0,lucaspaqueta
1,0,1,6,0,1,0,0,71,1437,437,0,_benedettacorradi
1,0,1,42,0,1,0,0,34,1508,900,0,fabbichiara
1,0,2,76,1,0,1,1,12430,4018800,66,0,miamiheat
1,0.25,2,143,0,0,1,0,671,52214,392,0,bspies11
1,0,2,143,1,0,1,0,301,3759937,478,0,isaiahthomas
1,0,1,13,0,0,0,1,192,1469,965,0,chiara_ermidi
1,0,2,0,0,1,0,0,110,2760,772,0,alicemalvezzi
1,0,3,91,1,0,0,0,16,132507,37,0,lo.scomm
1,0.2,1,18,0,0,0,0,23,738,693,0,k1ded
1,0,2,72,1,0,0,1,61,4179,1064,0,louis_gck
1,0,1,15,0,0,0,1,1,4743,2136,0,dxniellaa._
1,0.1,1,11,0,0,0,0,0,676,681,0,dee2sweett
1,0,3,56,1,0,0,0,68,1192,925,0,lilingtons
1,0,3,0,1,0,0,1,418,3361,80,0,paolodilucente
1,0,3,100,1,0,0,0,2411,40734,2276,0,jmebpatterson
1,0.222,5,53,0,0,0,1,480,70418,41,0,pretty60s
1,0.143,0,9,0,0,0,0,1,625,293,0,c0._smo
1,0,1,23,0,0,0,1,0,827,888,0,heron_krishnan
1,0.04,4,140,1,1,0,0,7626,2204903,182,0,thearchbish0pofbanterbury
1,0,3,3,1,0,1,0,3988,334371,936,0,tinycactus
1,0,0,17,0,0,0,0,39,2608,1373,0,danielzedd
1,0,1,11,0,0,0,0,11,5123,715,0,darcylwilliams
1,0,1,1,0,0,0,0,0,125,356,0,rtm_babz
1,0,2,0,0,1,0,0,62,759,521,0,castiglione_roberta
1,0,2,0,0,0,0,0,13,1911,513,0,federica.zanda
1,0,3,101,0,0,0,1,123,1457,910,0,carlotta_donati
1,0,1,13,0,1,0,0,51,1527,736,0,magicaviole
1,0,2,29,0,0,0,1,194,2009,461,0,alessia_gaiani
1,0,2,0,0,1,0,0,29,567,529,0,lallalaulauretta
1,0,2,135,0,0,0,0,30,177,484,0,roooouge
1,0,1,10,0,1,0,0,38,701,638,0,marialuisatarasconi
1,0,1,4,0,0,0,0,20,399,191,0,recanetti
1,0,1,43,0,1,0,0,79,2165,837,0,ile.ferrari
1,0,1,27,0,0,0,0,22011,640941,510,0,warmzn
1,0,1,24,0,0,0,1,157,6979,364,0,margomillien
1,0,3,129,1,0,0,1,5090,323761,7403,0,fomomodels
1,0,2,69,1,0,0,1,1896,24920,2308,0,wilhelmina.london
1,0,1,0,0,1,0,0,3921,405272,381,0,stylemefresh
1,0,2,25,1,0,0,0,25,1804,996,0,wes.hk
1,0,0,7,0,0,0,1,34,1373,1069,0,luelladisley
1,0,3,148,1,0,0,1,89,4103,958,0,hectaaa_de_selectaaa
1,0,1,69,1,0,0,1,14,1139,877,0,mollyprendergast
1,0,1,45,0,0,0,0,2,562,1164,0,_tyeholness_
1,0,0,6,0,0,0,0,53,9162,385,0,alicemarcinkowska
1,0,2,91,0,0,0,1,68,3267,744,0,hugo.cornelis
1,0,2,30,0,0,0,0,63,745,458,0,lily.saffron.hill
0,0,1,0,0,0,0,0,57,834,751,0,georgiaabenham
1,0,1,24,0,0,0,1,84,671,389,0,marti_notari
1,0,2,13,0,0,0,0,37,753,370,0,luca.bottioni
1,0,1,88,0,1,0,0,152,792,754,0,martinapaolillo_
1,0,3,114,0,0,0,0,105,1176,846,0,linda_dilo
1,0,2,77,0,0,0,1,283,4784,2167,0,saraminicozzi
1,0,1,0,0,0,0,1,19,914,743,0,charlie_follett
1,0,2,73,1,0,0,1,61,3832,634,0,pascalsaal
1,0,2,147,0,0,0,1,36,2139,613,0,joe_powell
1,0,0,103,0,0,0,1,26,3251,898,0,mosesohenhen
1,0,2,7,0,0,0,0,39,1703,1029,0,empeebles
1,0,2,7,0,0,0,1,5,2228,787,0,joepetini
1,0,0,0,0,1,0,0,2,36,6170,1,handlerrossf
0,0,1,0,0,0,0,0,0,9,515,1,hjejendbdnsnshsb
1,0,0,0,0,0,0,0,3,90,6166,1,argumentlein
0,0,1,0,0,0,0,0,0,6,531,1,skfjfndnskalskx
1,0,1,0,0,0,0,0,2,63,4586,1,instantustin
1,0,1,0,0,0,0,0,3,86,6166,1,ootlnxenderson
1,0.444,1,0,0,0,0,0,1,2,198,1,jj.pw1851
1,0,0,0,0,0,0,0,5,79,5056,1,eilndaoody
0,0,1,0,0,1,0,0,0,20,649,1,heartlessqueens
1,0,2,0,0,0,0,0,1,38,414,1,pradeepsomatre
1,0,0,0,0,0,0,0,3,87,6188,1,evenomervlile
0,0.391,2,0,0,0,0,0,1,32,207,1,gharehbayatian123654789
1,0,0,0,0,0,0,0,7,85,6196,1,aulzrown
1,0,0,0,0,0,0,0,3,95,3185,1,frainiray
1,0,1,0,0,0,0,0,2,70,6312,1,harityngiht
1,0,1,0,0,0,0,0,2,66,3133,1,marunno
0,0.25,1,0,0,1,0,0,0,0,571,1,brinds07
1,0,4,65,0,0,0,0,41,508,2877,1,_get_a_shout_out_
1,0.538,1,5,0,0,0,0,3,312,6914,1,mahmed1122334
1,0,0,0,0,0,0,0,3,64,3567,1,stebanlackbrun
1,0,1,0,0,0,0,0,3,76,6296,1,eckhaminaegnn
1,0,1,0,0,0,0,0,7,3,39,1,folkspromo
1,0.125,0,0,0,0,0,0,5,85,4508,1,lsa2inle
1,0,1,0,0,0,0,1,6,52,2422,1,fanta.azul
1,0,1,0,0,0,0,0,6,92,6158,1,aytonoramnp
1,0,1,0,0,0,0,0,4,76,4932,1,hitneyatikns
1,0,1,0,0,0,0,0,2,77,6376,1,ikleaaeterson
1,0.273,1,0,0,0,0,0,1,56,6905,1,damadama430
1,0,1,0,0,0,0,0,2,54,4139,1,ilosndheridan
1,0,1,0,0,0,0,0,5,79,5979,1,akeagars
0,0.357,1,0,0,0,0,0,0,3,1,1,_mxrt56
1,0,1,0,0,0,0,0,1,2,310,1,pouletevxpb
1,0,2,88,0,0,0,0,99,236,3005,1,akshayfoodblog
1,0,1,0,0,0,0,0,4,64,4458,1,onaavnobb
1,0,1,0,0,0,0,0,2,78,6120,1,eenanqpence
1,0,0,0,0,1,0,0,2,64,2811,1,ayapearsg
1,0,1,0,0,0,0,0,5,85,6016,1,hylaheae
0,0.286,0,0,0,1,0,0,1,15,552,1,farahahmed1998
1,0.2,2,0,0,0,0,0,24,128,886,1,hppsingh93
1,0,0,0,0,0,0,0,2,12,2183,1,aysonrazierl
1,0.176,2,24,0,0,0,0,10,150,310,1,arjun.rajpoot.184
1,0,1,0,0,0,0,0,3,52,2908,1,lianaondc
1,0.4,2,0,0,0,0,0,0,0,1,1,ab.dalla9299
1,0.111,0,0,0,0,0,0,4,81,6109,1,aden5egan
1,0.2,0,8,0,1,0,0,3,27,72,1,s.7ly
1,0,2,16,0,1,0,0,0,117,6788,1,chocolate.breeya
1,0,1,0,0,0,0,0,6,62,4038,1,vanforris
1,0,1,0,0,0,0,0,412,133,830,1,nawajswag
0,0.118,1,0,0,0,0,0,0,17,515,1,mohamed.alsaaed77
1,0.167,1,0,0,0,0,0,6,178,6458,1,ali_molaii21
1,0.429,2,22,0,0,0,0,0,27,1335,1,123harp
1,0,3,0,0,0,0,0,4,162,592,1,thereplicashop_
1,0,0,0,0,0,0,0,2,78,6169,1,harlesassidyv
1,0,1,0,0,0,0,0,4,84,6116,1,ennaossiz
1,0,1,0,0,0,0,0,1,75,6646,1,kasperi.endrit
1,0.444,3,0,0,0,0,0,42,789,6207,1,montu6989
1,0,0,0,0,0,0,0,4,84,5965,1,ustineoegrs
1,0.25,1,0,0,0,0,0,2,14,538,1,ufoson20
1,0,2,24,0,1,0,0,629,474,6199,1,diz_kava
1,0.182,2,94,0,0,0,0,5,553,5530,1,alicia_73ca
1,0,0,0,0,1,0,0,0,36,869,1,eshaapl
1,0,1,0,0,0,0,0,3,78,4844,1,royiodd
1,0,1,0,0,0,0,0,3,70,6119,1,hainaharp
1,0,2,0,0,1,0,0,0,84,1443,1,deviyadevadiga
1,0,0,0,0,0,0,0,2,23,2727,1,arionorers
1,0.5,0,0,0,0,0,0,8,84,7128,1,69foto69
1,0.636,1,1,0,0,0,0,0,6,7,1,jeevahanje
1,0,2,0,0,1,0,0,4,46,98,1,stylish_star_sunny
1,0,0,0,0,1,0,0,3,19,6207,1,oseavidsono
1,0.118,2,0,0,1,0,0,70,330,4769,1,jonathantavares27
1,0.25,1,0,1,1,0,0,0,507,3253,1,_a.v._99
1,0,1,0,0,0,0,0,4,78,6210,1,eavenicree
1,0,2,0,0,1,0,0,0,176,6982,1,meganlung_
1,0,0,0,0,0,0,0,2,80,6208,1,riareinvo
1,0,0,0,0,1,0,0,5,28,3512,1,iillealiey
0,0.167,1,0,0,0,0,0,0,0,0,1,caaandybaby__
0,0.333,2,0,0,0,0,0,0,0,0,1,on.the.path.to.heaven
1,0.286,0,0,0,0,0,0,0,2,0,1,nana3.8antwia
1,0,1,0,0,0,0,0,3,73,6182,1,ondonlaughters
1,0,0,0,0,1,0,0,2,27,5719,1,avennowh
1,0.25,1,0,0,1,0,0,210,1354,3008,1,digupatel029
1,0,0,0,0,0,0,0,3,79,6247,1,aolnoawn
1,0,0,0,0,0,0,0,3,72,6045,1,illoeing
1,0,2,62,0,1,0,0,17,1530,3348,1,yulicampoos
1,0,2,76,0,1,0,0,145,412,1183,1,trouble_maker_nishu
0,0,0,0,0,1,0,0,0,5,1232,1,cbproductionsz
1,0.444,1,9,0,1,0,0,254,254,6889,1,06.01.2000jassiem
1,0,2,0,0,1,0,0,0,23,62,1,frankysrivero
1,0,1,0,0,0,0,0,2,68,3980,1,ieuglodgers
1,0,0,0,0,0,0,0,2,85,6112,1,oltolbes
1,0.083,1,0,0,0,0,0,1,11,535,1,moatazmemmm4
1,0,1,99,0,0,0,0,285,655,699,1,____lynnell____
1,0,1,0,0,0,0,0,5,72,6173,1,siavacillan
1,0,0,0,0,1,0,0,2,27,4540,1,eneernoldm
1,0.222,0,0,0,0,0,0,9,57,6488,1,ae4t4tett
0,0.286,1,0,0,0,0,0,0,38,0,1,kingsadegh5506
0,0.214,1,0,0,0,0,0,0,0,0,1,sunsetlover125
0,0.118,1,0,0,1,0,0,0,15,0,1,inderpreetsaini16
1,0.75,2,16,0,1,0,0,24,244,5781,1,om143143
1,0.111,1,0,0,0,0,0,3,67,6119,1,aydan9eck
1,0.273,2,0,0,0,0,0,45,346,1344,1,zahouri_123
1,0.167,2,0,0,1,0,0,38,1033,3928,1,mit.sheth.52
1,0,1,0,0,0,0,0,5,64,2995,1,aenslealy
1,0,1,0,0,0,0,0,2,58,2370,1,aseiizpatrtck
1,0,0,0,0,0,0,0,3,72,3531,1,opposedork
0,0,0,0,0,0,0,0,0,1,95,1,igeiiwbeb
1,0,1,0,0,0,0,0,2,62,3433,1,aeknaaynes
1,0.5,1,0,0,0,0,0,1,66,5152,1,zohreh05.09.1988
1,0.273,2,8,0,1,0,0,30,1109,3149,1,harshil_237
0,0,1,0,0,1,0,0,0,114,7502,1,mailmathi
1,0,1,0,0,0,0,0,2,59,3838,1,diwnleln
1,0.375,2,0,0,0,0,0,259,954,4794,1,mayur530
1,0,1,0,0,0,0,0,2,68,6086,1,ancetclal
0,0,1,0,0,1,0,0,0,135,625,1,rajnibali
1,0,0,0,0,0,0,0,3,73,6144,1,icarlerooks
1,0.375,1,0,0,0,0,0,1,210,6562,1,loook996
1,0,0,0,0,0,0,0,3,100,6181,1,anleileoone
0,0,0,2,0,1,0,0,0,98,6541,1,_boyijall
1,0,0,0,0,1,0,0,5,28,6175,1,amlacean
1,0,1,0,0,0,0,0,4,79,6184,1,innegangedn
1,0,1,0,0,0,0,0,5,83,4501,1,aelreaokscn
1,0.273,1,59,0,1,0,0,5,207,1313,1,mikejack124
1,0,1,0,0,0,0,0,4,73,6221,1,aesyenngj
0,0,0,0,0,0,0,0,0,67,614,1,surbhipatel211293
1,0.4,2,0,0,0,0,0,2,80,49,1,mukesh3834
1,0,0,0,0,0,0,0,2,88,6176,1,athewjavidson
1,0,0,78,0,1,0,0,1,34,154,1,saying_.qotes
1,0,1,0,0,0,0,0,3,60,4163,1,innucktorwh
1,0.273,0,12,0,0,0,0,3,10,545,1,scrim_uchiha
1,0,0,0,0,1,0,0,3,35,1267,1,ailleutierrezm
1,0.111,1,7,0,0,0,0,5,257,4871,1,parssohi4
1,0.222,2,0,0,1,0,0,1,162,28,1,_nikhil14
1,0,0,0,0,0,0,0,2,72,6163,1,erryefeen
1,0,1,0,0,0,0,0,38,521,1458,1,smolai
1,0,1,0,0,0,0,0,3,70,4713,1,indicatorawson
1,0,2,36,0,1,0,0,6175,157,166,1,alu.bhaji
1,0,3,137,0,0,0,0,186,197,689,1,theshaadipage
1,0,2,0,0,0,0,0,1,351,2088,1,bigroomstampide
1,0,1,133,0,0,0,1,176,244,3113,1,prfmiss
1,0.25,2,59,0,1,0,0,164,728,1020,1,ibobby95
1,0,0,0,0,0,0,0,3,85,6091,1,zairaastro
1,0,1,0,0,0,0,0,2,94,6233,1,adnynolbrook
1,0.133,2,39,0,0,0,0,159,1780,7447,1,dhruval_patel49
1,0.25,1,0,0,1,0,0,427,611,2234,1,nandy_94
1,0,1,0,0,0,0,0,3,71,6250,1,adinlarney
1,0,0,0,0,0,0,0,2,62,3501,1,yursorirs
1,0,0,0,0,1,0,0,2,38,6319,1,alyahcueen
1,0,0,0,0,0,0,0,5,61,3183,1,ocyeobretson
0,0.5,0,0,0,1,0,0,0,526,3338,1,meme__888888
1,0,2,0,0,1,0,0,22,610,703,1,mruga.m
1,0,1,0,0,0,0,0,3,76,5846,1,lissonnartinez
1,0,1,0,0,0,0,0,2,74,6217,1,arelyhlaenm
1,0.1,1,0,0,0,0,0,2,6,529,1,smaherjad1
1,0,1,0,0,0,0,0,2,62,4081,1,aserevinou
1,0.167,2,114,0,0,0,0,7,547,5132,1,jamieson__51
1,0,0,0,0,0,0,0,4,81,5680,1,eatriceiercep
1,0,0,0,0,0,0,0,6,76,5890,1,ayalhaini
1,0,1,0,0,1,0,0,2,285,6003,1,vpoolpatel
1,0,2,116,0,1,0,0,223,194,7457,1,mank_cool
1,0.667,1,0,0,0,0,0,2,158,5619,1,fgh077707
1,0,0,0,0,0,0,0,3,53,6189,1,iarentone
1,0.267,1,0,0,1,0,0,178,138,506,1,bpalanisamy2014
1,0.222,1,0,0,0,0,0,1,5,180,1,shahini16
1,0,0,0,0,0,0,0,2,97,6202,1,aneqcaferfy
0,0.286,2,19,0,1,0,0,0,79,57,1,inderpreet3278
1,0,0,0,0,0,0,0,2,23,4517,1,arleeeeach
1,0,0,0,0,0,0,0,2,93,6156,1,emarucsllen
1,0,1,0,0,0,0,0,3,62,2291,1,aeinlaice
0,0.273,1,0,0,0,0,0,0,1313,2412,1,_deactivated____865367
1,0.2,1,0,0,1,0,0,92,43,132,1,hardik_patel532
1,0.333,1,0,0,1,0,0,16,411,7043,1,dewone074
1,0.4,1,0,0,0,0,0,7,121,7335,1,69futbol69
0,0.556,1,0,1,1,0,0,2,17,247,1,iman99900
1,0,1,0,0,0,0,0,3,67,5070,1,poorilliam
0,0,0,0,0,1,0,0,0,262,6202,1,tushar_5522
1,0.045,4,61,0,0,0,0,14,142,1588,1,get5kfollow__nowigfast
1,0,1,0,0,0,0,0,5,94,6171,1,odrynoch
1,0,0,0,0,0,0,0,3,84,6250,1,amarzirk
1,0.067,0,0,0,0,0,0,3,67,4118,1,riscillaawkins6
1,0.125,2,63,0,1,0,0,1,5,29,1,fortnitekdeux
1,0,0,0,0,1,0,0,5,27,5415,1,aylinhodd
1,0.4,1,0,0,0,0,0,0,124,277,1,ikingdrew
1,0,4,36,0,0,0,0,2,4,124,1,famouspeopleoftoday
1,0,1,0,0,0,0,0,3,97,6214,1,ayliekennir
1,0,0,0,0,1,0,0,1,72,4832,1,om_rachata
1,0.5,1,0,0,0,0,0,1,30,2092,1,koke3904
1,0.25,2,0,0,1,0,0,0,65,304,1,sumansaha863
1,0,1,0,0,0,0,0,2,78,6210,1,abirelhaffer
1,0,3,7,0,0,0,1,135,1093,212,1,ravariyaashok
1,0,0,2,0,0,0,0,0,0,8,1,_purpkush
1,0,2,7,0,1,0,0,204,623,1776,1,kocharvarun
1,0.091,1,0,0,0,0,0,7,215,6683,1,siasarkesh8
1,0,0,0,0,0,0,0,4,38,5412,1,lazeaashrll
1,0.182,1,0,0,0,0,0,7,60,203,1,angrytaco88
1,0,1,0,0,0,0,0,2,73,5234,1,interestogers
1,0,2,0,0,0,0,0,0,66,433,1,asmaulkhandakar
1,0,2,57,0,0,0,0,0,54,187,1,jsjausudyxixp
1,0.333,2,5,0,1,0,0,947,265,1077,1,rav_89
1,0,0,0,0,1,0,0,3,27,6124,1,ainlytntanton
1,0.25,1,0,0,0,0,0,0,48,180,1,yxxng.l145
0,0.143,2,122,0,0,0,0,0,97,461,1,otwtoronto
0,0.5,2,0,0,0,0,0,0,16,101,1,llaorresa
1,0,2,0,0,0,0,1,110,833,3268,1,_aayush_cool
1,0,0,0,0,0,0,0,2,53,2021,1,nlbelaaaslh
0,0.333,0,0,0,0,0,0,0,0,0,1,r_shahriar_r
1,0,0,0,0,1,0,0,3,22,3951,1,loriaillerp
1,0,1,0,0,0,0,0,2,50,2196,1,aiernbbott
1,0.333,0,0,0,0,0,0,0,31,3,1,btrigger2
1,0,1,0,0,0,0,0,4,73,4636,1,rcaiehitex
1,0,0,134,1,0,0,0,38,381,920,1,millionaire_guru_
1,0,1,0,0,0,0,0,2,64,4422,1,brhaimusso
1,0,1,0,0,0,0,0,2,71,3390,1,hyalaonnelly
1,0.278,2,85,1,0,0,0,620,373,621,1,eternalphotos24601
1,0,0,0,0,0,0,0,3,73,6056,1,iilanogelx
1,0,0,0,0,0,0,0,2,69,5355,1,olomonohertyy
1,0.235,1,0,0,0,0,0,14,160,635,1,ali.valizadeh1989
0,0.7,0,41,0,0,0,0,4,130,115,1,dins_vasu_
1,0,0,3,0,1,0,0,0,202,761,1,southsideregent_park
1,0,1,0,0,0,0,0,2,50,2480,1,atoynallawoy
1,0,0,0,0,0,0,0,5,43,6194,1,annajanders
0,0,0,0,0,0,0,0,0,147,843,1,jai_here
0,0,0,0,0,0,0,0,0,69,6129,1,ionacluref
1,0,3,60,0,1,0,0,637,1550,3563,1,natanael_jair
1,0,0,0,0,0,0,0,5,54,3151,1,osehpineelch
1,0,1,0,0,0,0,0,6,66,2756,1,eidyparker
1,0.4,2,6,0,1,0,0,149,53,1108,1,dhaval1789
1,0.125,2,0,0,0,0,0,1,426,4868,1,larry00daviscygk
1,0,2,28,1,1,0,0,36,339,709,1,radsk
1,0,0,0,0,0,0,0,4,87,5974,1,amillaolden
1,0.5,0,38,0,1,0,0,0,402,2265,1,lax666
0,0.429,1,0,0,0,0,0,0,26,2716,1,aminnilamkumar
1,0,1,0,0,0,0,0,2,75,5662,1,alryecah
1,0.286,2,0,0,1,0,0,1,15,19,1,inderpreet3206
0,0.091,2,0,0,0,0,0,0,40,0,1,kingsadegh5
1,0,2,6,0,1,0,0,103,406,1069,1,_harshp
0,0.273,0,0,0,1,0,0,0,98,486,1,thicklan718
1,0,2,13,0,1,0,0,417,726,5213,1,naruyoshihayashi
1,0,0,0,0,1,0,0,3,30,4684,1,linaeimmerman
1,0.5,1,69,0,0,0,0,19,195,2038,1,1024tech
0,0.4,0,0,0,1,0,0,1,0,0,1,sonalbiirdi
1,0.25,1,0,0,0,0,0,1,27,959,1,iarbaa10
1,0,0,0,0,1,0,0,3,32,2434,1,aoktaodran
1,0,3,0,0,0,0,0,93,544,2002,1,naruto_sasuke.offical
1,0.182,2,38,0,1,0,0,141,88,1118,1,u.v_singh12
1,0,3,112,0,0,0,0,156,629,2934,1,bluejayshotties
1,0,0,57,0,1,0,0,6,358,713,1,meanu.v
1,0,0,0,0,0,0,0,2,44,6282,1,awhasnoley
1,0.188,3,5,0,1,0,0,24,141,2273,1,jackieleesong721
1,0.154,2,148,0,1,0,0,15,163,7500,1,haideriqbal12
1,0,0,0,0,0,0,0,2,35,6109,1,askconratt
1,0,0,0,0,0,0,0,2,86,6431,1,visionughes
1,0,3,12,0,1,0,0,9,176,6730,1,josh.datboi
1,0.444,2,0,0,1,0,0,3,828,2110,1,ayyub6547
1,0,0,0,0,0,0,0,2,67,3314,1,acquelinerlnkain
1,0,1,0,0,0,0,0,2,77,6205,1,ennacheefar
1,0,2,0,0,0,0,0,1,2,169,1,maryjiom
1,0,1,0,0,1,0,0,1,53,3943,1,lucttttttttttttt
1,0,0,0,0,1,0,0,2,25,4849,1,aequloch
1,0.273,2,0,0,0,0,0,41,260,1810,1,hbhullar544
1,0,0,0,0,0,0,0,3,55,3318,1,miahurcelle
0,0.143,1,0,0,0,0,0,0,36,225,1,king.sadegh1
1,0,1,0,0,0,0,0,5,83,6347,1,denxoss
1,0.214,2,0,0,1,0,0,1,255,3631,1,aryan.mali.399
1,0,0,0,0,0,0,0,6,48,5238,1,amzahhoate
0,0.125,1,0,0,0,0,0,0,13,538,1,kardena3
1,0,5,0,0,0,0,0,15,51,144,1,keyurdalwadi
1,0,0,0,0,1,0,0,3,33,4959,1,onystrickland
1,0,2,0,1,1,0,0,10,469,7499,1,yash.r.suryavanshi
1,0,0,0,0,1,0,0,4,23,4997,1,eoncennoll
1,0,2,138,0,0,0,0,62,416,1016,1,hassib_zazai
1,0,2,0,0,1,0,0,3,88,413,1,sidbhavsar
1,0.444,1,73,0,0,0,0,4,31,1229,1,navaz1990
1,0,1,0,0,0,0,0,5,105,5765,1,zikeelumphrey
1,0,12,70,0,1,0,0,1065,497,7067,1,preya_pathak
1,0.1,0,0,0,0,0,0,2,68,6203,1,ason3urenr
1,0.273,1,0,0,1,0,0,79,812,7498,1,mrknowit112
1,0.4,0,0,0,0,0,0,0,1978,6641,1,iqzozo1995
1,0.2,1,1,0,0,0,0,1,880,6082,1,jj8uq
1,0,2,48,0,0,0,1,306,1170,2623,1,evolueapparel
1,0,2,90,0,0,0,0,462,719,2525,1,michellebmaynard
1,0.067,3,147,0,1,0,0,53,742,7435,1,the5percentcrew
1,0,0,0,0,1,0,0,3,23,5603,1,ennaoiley
1,0,1,128,0,0,0,0,4,20,143,1,akshh__khan
1,0,2,0,0,1,0,0,153,1437,2731,1,ardiyanaputra
1,0,1,119,0,0,0,0,20,97,6752,1,lisseth_colombia
1,0.111,0,0,0,1,0,0,0,24,4793,1,diamondprincesss22
1,0,0,0,0,0,0,0,3,63,3686,1,ranecscarowley
1,0,0,0,0,0,0,0,2,69,4303,1,ikyalauchanan
1,0,4,147,0,0,0,1,9500,4733,7502,1,jasfab_official
1,0.188,2,1,0,0,0,0,97,719,5817,1,vikas.sharma.001
1,0,2,20,0,0,0,0,9,349,1772,1,shobhit.bhardwaj
1,0,1,0,0,0,0,0,2,65,3481,1,ntwanrall
1,0,2,49,0,1,0,0,10,142,6924,1,kacey_melia
1,0.222,1,0,0,0,0,0,40,173,6459,1,gagariy14
1,0,0,0,0,0,0,0,4,75,4248,1,avonarfefty
1,0,4,47,0,1,0,0,58,453,1482,1,maycolpaul
1,0.333,1,2,0,0,0,0,0,86,90,1,prabzmalton
1,0,0,0,0,0,0,0,3,66,3533,1,miarhewis
1,0,0,0,0,0,0,0,2,39,6306,1,balloonallahan
1,0,0,0,0,0,0,0,5,90,6270,1,harlotteelise
1,0,1,0,0,0,0,0,2,58,3648,1,divorceagner
1,0,0,0,0,0,0,0,4,47,2260,1,zaebllaright
1,0,1,0,0,0,0,0,3,90,6184,1,mmunaelinclair
1,0.333,2,22,0,0,0,0,7,454,1138,1,parth_746
1,0,0,0,0,0,0,0,3,63,3373,1,axsonbarrett
0,0.375,0,0,0,0,0,0,0,2,0,1,nikis101
1,0,1,0,0,0,0,0,3,90,6261,1,accordingelez
1,0,2,1,0,1,0,0,3,248,366,1,om.mistry
1,0,5,123,0,1,0,0,120,998,6088,1,blue_smoke_in_air
1,0,0,0,0,1,0,0,3,27,6053,1,ednallopper
1,0,0,0,0,0,0,0,5,45,6091,1,steerayla
1,0,1,0,0,0,0,0,4,76,5043,1,ydinnaylor
1,0.067,1,0,0,0,0,0,2,75,6208,1,aritzaickinson2
1,0,1,0,0,0,0,0,3,93,6180,1,harlesicholsonj
0,0.214,0,0,0,0,0,0,0,0,0,1,sunsetlover122
1,0.286,2,0,0,0,0,0,1,38,14,1,inderpreet3298
0,0.267,1,0,0,0,0,0,0,0,0,1,sunsetlover1210
1,0.25,1,0,0,0,0,1,17,175,2748,1,rakeshjangid5197
1,0,0,0,0,1,0,0,4,36,6170,1,yarquharte
1,0,2,39,0,1,0,0,12,407,7495,1,mohammad_____jatoi
1,0,0,0,0,1,0,0,2,22,3031,1,akaylarquhartf
1,0,1,0,0,0,0,0,4,61,4488,1,aklaiike
1,0,0,0,0,0,0,0,5,86,5249,1,isaelalone
1,0,0,0,0,0,0,0,3,7,720,1,raahmowan
1,0.167,2,0,0,0,0,0,17,486,1957,1,ashishvaja97
1,0,1,0,0,0,0,0,0,82,6181,1,rififnicholson
1,0,4,0,0,0,0,0,45,62,158,1,maick_aguado_m
1,0,1,60,0,1,0,0,14,23,135,1,cansuu_spor
1,0.25,1,0,0,1,0,0,27,103,1014,1,anush_01
1,0,0,0,0,1,0,0,2,27,4235,1,cottpall
1,0,0,0,0,0,0,0,5,61,2930,1,mileeuckerf
1,0,1,122,1,0,0,0,388,1679,6001,1,loltreeofficial
1,0.3,1,106,0,1,0,0,121,675,7502,1,chirags109
1,0,2,0,0,1,0,0,31,442,561,1,geetuaggarwal
1,0,0,0,0,1,0,0,3,33,6312,1,rockennettn
1,0,1,17,0,1,0,0,79,260,124,1,lals_sharma
1,0,0,0,0,1,0,0,2,21,4918,1,herlynogersb
1,0.455,1,0,0,1,0,0,1,1,795,1,akil___pathan___official
1,0.154,2,21,0,1,0,0,21,1035,4282,1,bhaveshsibu20
1,0,1,0,0,0,0,0,2,37,727,1,aelreoffey
1,0.25,2,85,1,0,0,0,35,1309,5942,1,godcar64
1,0,3,0,0,1,0,0,107,573,965,1,c_vish
1,0,1,0,0,0,0,0,2,87,6138,1,arcelolivera
1,0,0,0,0,1,0,0,3,31,4429,1,liezeronnellf
1,0,1,0,0,0,0,0,3,87,6241,1,aolyrcillan
1,0.083,2,0,0,1,0,0,147,60,1077,1,kamrankarim1
0,0,0,0,0,0,0,0,0,0,244,1,hdtytfew
1,0.5,1,0,0,0,0,0,1,89,5166,1,m5_0m4
0,0.182,2,36,0,1,0,0,55,685,1075,1,nani_boy_79
1,0.067,2,150,0,0,0,0,9,193,564,1,nirmeshbhojane5
1,0,2,8,0,1,0,0,428,176,333,1,darshlock_holmes
1,0,1,0,0,0,0,0,69,366,897,1,ibrahimfuadkwhite
0,0.455,1,34,0,0,0,0,1,0,26,1,soccer21234
1,0,4,0,0,1,0,0,0,24,357,1,flower_dreams__5
1,0.25,1,4,1,0,0,1,99,426,3280,1,rati.ratiani1997
0,0.636,1,0,0,1,0,0,0,25,7035,1,bobo1238887
1,0,1,0,0,0,0,0,3,62,4162,1,ielyamierz
1,0.267,2,0,0,0,0,0,13,62,6231,1,poojasawant2345
1,0,1,0,0,0,0,0,3,87,6199,1,inleyaove
1,0,1,0,0,0,0,0,2,68,6266,1,lightingarold
0,0.167,1,0,0,0,0,0,0,40,490,1,inderpreet32
0,0.231,2,0,0,0,0,0,0,33,0,1,inderpreet323
0,0.3,2,0,0,1,0,0,0,15,88,1,426dr.agon
0,0.231,0,0,0,1,0,0,0,0,1,1,inderpreet326
0,0.5,1,0,0,0,0,0,0,1,0,1,lover_987987
1,0,1,0,0,0,0,0,5,69,6075,1,ilyanauchaefer
1,0,0,0,0,1,0,0,4,21,2963,1,olomonuonzales
1,0,1,0,0,0,0,0,1,133,6613,1,endrit.kasperii
1,0,0,0,0,0,0,0,2,47,6189,1,udtihorales
1,0.444,1,14,0,1,0,0,19,5,71,1,nish_1004
1,0,0,0,0,1,0,0,2,29,6412,1,arlyomarn
0,0,2,11,0,1,0,0,0,0,50,1,ramanpreet.r
0,0.222,1,0,0,0,0,0,1,50,1231,1,raagavee9
1,0,1,64,0,0,0,0,100,414,1910,1,awe.me.creations
1,0,0,0,0,0,0,0,2,84,5998,1,eygamierz
1,0,1,68,1,1,0,0,1031,513,7469,1,stills_studio
1,0,0,0,0,0,0,0,3,80,6100,1,dinlclroy
1,0.222,2,69,1,1,0,0,536,195,1163,1,spatel_21
0,0,3,0,0,0,0,0,0,63,1253,1,__aidav
1,0.4,1,0,0,0,0,0,1,7,181,1,subyou1346
1,0.25,0,0,0,1,0,0,0,512,821,1,jaan_love677
1,0,2,31,0,0,0,0,0,23,39,1,_pablo_fc_
1,0,0,0,0,0,0,0,2,97,6194,1,amiezuarrn
1,0.1,1,0,0,0,0,0,4,88,5248,1,ylehields4
0,0,1,0,0,1,0,0,75,3,589,1,chxnthxrxn
1,0,1,0,0,0,0,0,3,80,6179,1,osieroctorp
1,0.308,1,0,0,0,0,0,1,20,611,1,xqueenbitchh
0,0,2,0,0,0,0,0,0,346,6481,1,hanyehriahi
1,0,0,0,0,0,0,0,4,84,6252,1,udyculgoulh
1,0,1,3,0,0,0,1,1,71,4383,1,avaan.en
1,0,1,0,0,0,0,0,2,74,4070,1,odgiroereira
1,0,0,0,0,1,0,0,3,27,5687,1,aitrnriffith
1,0.111,3,48,0,0,0,1,0,949,4984,1,2k.wanted
1,0.333,1,112,0,1,0,0,20,277,3638,1,dhiren132
1,0.364,3,0,0,1,0,0,124,183,7499,1,shamira0007
1,0,1,0,0,0,0,0,1,123,6519,1,yourdailydoggos
1,0,0,0,0,1,0,0,3,19,3358,1,adiaevaer
1,0,2,0,0,0,0,0,33,262,805,1,divya_mody
1,0.3,1,0,0,0,0,0,1,174,168,1,ambrish101
0,0,0,0,0,1,0,0,1,116,5594,1,jukesallaround
0,0.538,4,0,0,0,0,0,0,11,480,1,flower1033555
1,0,1,0,0,0,0,0,3,60,2885,1,iloanocck
1,0,0,0,0,0,0,0,2,22,3802,1,aczenkieears
1,0.091,2,0,0,1,0,0,1752,736,6722,1,ric.sousa.1
1,0,2,137,0,0,0,0,67,656,744,1,being__umang
1,0,0,0,0,0,0,0,2,76,6268,1,essimomns
1,0,0,0,0,1,0,0,3,18,6368,1,motherhelton
1,0.333,2,0,0,1,0,0,2,0,2,1,shree3079
1,0.176,2,0,0,1,0,0,1,61,1054,1,ankit.vaghela.355
0,0.333,1,0,0,0,0,0,0,13,73,1,_itssa.becka__
1,0,1,0,0,0,0,0,0,10,15,1,dle_dove
1,0,1,0,0,0,0,0,2,72,3322,1,aximusollinsr
1,0,1,0,0,0,0,0,2,65,3512,1,ackiazj
1,0,0,0,0,0,0,0,2,86,6224,1,belolanv
1,0,0,0,0,0,0,0,0,98,654,1,c.vr.lo.s
1,0,3,113,0,1,0,0,1980,1183,4602,1,iminiali
1,0,6,133,0,0,0,1,266,1058,2055,1,ashley_at_tiffanys
1,0,1,0,0,0,0,0,2,59,3613,1,ngelinacatrney
1,0,0,20,0,1,0,0,1,10,1394,1,vibexvibex
1,0.429,2,0,0,1,0,0,85,596,1456,1,himanshu591991
1,0,0,0,0,0,0,0,4,77,6003,1,ataliapatterson
1,0,1,0,0,0,0,0,1,134,2978,1,__jajajaaa__
0,0,3,0,0,0,0,0,0,11,529,1,studiohousewest
1,0,1,0,0,0,0,0,3,81,2999,1,eecliaameron
1,0.444,0,0,0,0,0,0,0,125,2528,1,abcd123x3
1,0,1,48,0,0,0,0,695,140,325,1,_pierromathiabo_
1,0,0,0,0,0,0,0,8,80,6084,1,eandroavidsong
0,0.538,4,0,0,0,0,0,0,7,492,1,flower1033511
1,0,0,0,0,0,0,0,5,62,2390,1,axotebrs
0,0.353,2,0,0,0,0,0,0,15,19,1,nileshpatel722002
1,0,2,10,0,1,0,0,39,123,763,1,nishkrishn
1,0.364,0,0,0,0,0,0,652,1075,3760,1,ahmad1354sz
1,0.417,1,45,0,0,0,0,0,5,47,1,ashishgajjar07
1,0.364,2,16,0,1,0,0,70,191,493,1,swapnil1499
0,0.364,2,0,0,0,0,0,0,0,0,1,_melaniemartinezz98
0,0,1,0,0,1,0,0,0,1098,6621,1,bharatsurat
1,0,1,0,0,0,0,0,2,88,6165,1,iraoweq
1,0,0,0,0,1,0,0,3,29,6050,1,ailregagan
1,0.308,1,0,0,0,0,0,1,75,4350,1,lolfamous7295
1,0,0,12,0,1,0,0,0,59,1067,1,chunsway
1,0,1,24,0,1,0,0,291,597,4460,1,firojmask
1,0.714,0,0,0,0,0,0,0,164,6840,1,aj19782
1,0,0,0,0,0,0,0,6,79,5962,1,stickmelie
1,0,2,14,0,1,0,0,281,129,630,1,awesomness_kamil
1,0,1,0,0,0,0,0,2,86,6157,1,utmunoreno
1,0.231,1,0,0,0,0,0,0,209,6502,1,nimazzxxcc107
1,0,0,0,0,1,0,0,1,21,244,1,niraliipatel
1,0,0,0,0,0,0,0,2,16,2384,1,eisleenendy
1,0,0,0,0,0,0,0,2,69,3342,1,adsiynhite
1,0,1,0,0,0,0,0,2,64,5333,1,ranavakrin
1,0.263,1,0,0,0,0,0,24,162,641,1,hjyffhhfjjjyff35678
1,0,1,95,0,0,0,0,12,2028,6587,1,luxxegems
1,0,0,100,0,0,0,1,382,246,667,1,tegan_marie_fan_page_official
1,0,1,0,0,1,0,0,0,299,5720,1,con_sasa
1,0,0,0,0,1,0,0,1,1021,4033,1,focusgroup.ru
1,0,1,0,0,0,0,0,2,71,6112,1,amesqird
1,0,0,0,0,0,0,0,3,102,6222,1,athaniallauhgter
1,0,1,0,0,0,0,0,3,58,1871,1,ieglrquhart
1,0,2,74,0,0,0,0,30,497,710,1,joelcauich
1,0,1,0,0,0,0,0,3,51,1589,1,axoregst
0,0.6,4,0,0,0,0,0,0,11,493,1,flower103355555
0,0.286,2,0,0,1,0,0,0,0,0,1,inderpreet3200
0,0.125,1,0,0,0,0,0,0,5,518,1,mohamedalsaaed77
0,0.3,1,0,0,0,0,0,0,0,0,1,mohamedalsaaed772018
1,0.2,3,150,0,0,0,1,4,459,2720,1,f_7.b
1,0,1,0,0,0,0,0,2,96,5561,1,histayhorpe
1,0,0,0,0,1,0,0,5,26,2306,1,kyleryisher
1,0,1,0,0,0,0,0,3,74,6166,1,decoratearmelo
1,0,1,0,0,0,0,0,2,71,6241,1,arbraarady
1,0,0,0,0,0,0,0,3,75,6234,1,unaonlenl
1,0.25,1,0,0,0,0,0,1,16,398,1,huntymood456
1,0,1,0,0,0,0,0,0,90,6196,1,restinmery
1,0,0,0,0,1,0,0,2,30,6166,1,ichaeltealy
1,0,1,0,0,0,0,0,3,82,6126,1,saislonj
1,0,1,0,0,0,0,0,3,48,1794,1,isaelucowkrth
1,0,4,131,1,0,0,1,533,4926,3590,1,shaadisuperstore
1,0,1,0,0,0,0,0,1,14,520,1,hahacoolpapa
1,0,0,0,0,0,0,0,3,42,6243,1,eooughtonp
1,0,0,0,0,0,0,0,0,77,4722,1,azminuraham
1,0.4,1,21,0,0,0,0,4,13,333,1,garry.0001
1,0,0,0,0,0,0,0,6,177,7021,1,musicasomeletra
1,0,2,0,0,1,0,0,18,10,202,1,spiritualqote
1,0,1,0,0,1,0,0,5,388,546,1,r.verma_
1,0.4,1,0,0,1,0,0,13,176,7369,1,br.87
1,0.333,2,0,0,1,0,0,4,1312,7486,1,pparth594
1,0,0,0,0,0,0,0,3,91,6176,1,llissonioxn
1,0,3,41,1,1,0,0,548,639,6704,1,momi_ch_
1,0,1,0,0,0,0,0,4,75,6153,1,eotanrsenault
1,0.1,1,0,0,0,0,0,3,53,1045,1,adence8eal
1,0,0,126,0,1,0,0,11,1639,3049,1,ayooojunior
1,0.214,1,0,0,1,0,0,2,0,178,1,puppy.lover235
1,0,0,0,0,0,0,0,2,63,3150,1,yrseeowers
1,0,2,0,0,0,0,0,55,1136,2921,1,arthurlussato
1,0,1,0,0,0,0,0,4,44,1960,1,ohaverick
1,0,1,0,0,0,0,0,3,57,2099,1,ulissanernandez
1,0,2,82,1,0,0,1,561,850,7498,1,aymooonsmart
1,0,2,17,0,1,0,0,24,212,460,1,prerna_vashisht
1,0.167,2,0,0,0,0,0,1,296,2647,1,k1denisepgr6
1,0,1,0,0,0,0,0,3,73,4458,1,llyelnoyds
1,0,0,0,0,0,0,0,3,75,6110,1,lanacottf
1,0,0,0,0,1,0,0,2,35,6127,1,aamrtauer
1,0,2,0,0,0,0,0,0,2,1,1,harpreetz
1,0.077,2,0,0,0,0,0,1,26,136,1,dextormorgan1
1,0,0,0,0,1,0,0,3,25,6207,1,mnainarnes
1,0.133,2,53,0,1,0,0,19,364,885,1,hemrajchauhan91
1,0,0,0,0,0,0,0,4,58,2817,1,lizaqunro
1,0,0,0,0,1,0,0,9,21,6299,1,imoneuenrr
1,0,2,22,0,1,0,0,107,315,943,1,antho_law
1,0,2,0,0,0,0,0,20,154,334,1,just.asadiqbal
1,0,1,0,0,0,0,0,2,86,6299,1,arabyrdt
0,0.308,1,0,0,0,0,0,0,44,1056,1,ahmedyazo7986
1,0,0,0,0,0,0,0,1,5,175,1,huss6971
1,0,0,0,0,1,0,0,5,23,6131,1,oragnimomns
1,0,1,24,1,0,0,0,1,143,6270,1,notsocallum
0,0,1,0,0,0,0,0,0,1,323,1,traslikir
1,0,2,0,0,0,0,0,0,85,5893,1,spumanty
1,0.2,2,0,0,1,0,0,119,169,447,1,patelnil21
1,0,1,0,0,0,0,0,2,74,4702,1,aienyclaly
0,0.25,0,0,0,1,0,0,0,24,48,1,shivanipatel6929
1,0,0,0,0,0,0,0,1,358,5773,1,goemp.be
1,0,1,0,0,0,0,0,2,73,3987,1,ieslleaynes
1,0.308,1,0,0,0,0,0,1,20,562,1,hadi.hado3747
1,0,1,0,0,0,0,0,2,77,5795,1,ailtinitch
1,0.111,1,80,0,0,0,0,0,36,672,1,parijojo1
1,0.444,2,0,0,1,0,0,239,2282,7494,1,priti5457
1,0,1,0,0,0,0,0,7,98,4974,1,lioraennett
1,0.273,1,0,0,1,0,0,30,1408,1569,1,rvprince236
1,0,0,92,1,1,0,0,164,845,1537,1,chakknorris
1,0.091,1,0,0,0,0,0,22,92,6452,1,saeedraiae2
1,0,1,0,0,0,0,0,5,82,6061,1,dozenaylyn
1,0,1,148,0,1,0,0,66,60,2617,1,yourstrulypriya
1,0,1,0,0,0,0,0,2,51,2962,1,mayazibbons
1,0.2,2,64,0,1,0,0,6,135,3981,1,aaronmar96
1,0,0,0,0,1,0,0,4,22,6212,1,spezanraarrison
0,0.267,1,0,0,0,0,0,0,14,12,1,king_sadegh1363
0,0.083,1,0,0,0,0,0,0,42,20,1,king_sadegh2
0,0.267,1,0,0,0,0,1,0,0,0,1,sunsetlover1208
1,0.2,0,0,0,0,0,0,0,6,0,1,darkswag69
0,0.5,4,0,0,0,0,0,0,15,499,1,flower103356
1,0.5,1,0,0,0,0,0,1,62,6154,1,jafar12702
1,0,1,0,0,0,0,0,2,93,6168,1,tagtain
1,0,0,0,0,1,0,0,3,33,2824,1,meliechorsen
1,0,1,0,0,0,0,0,3,100,6197,1,andinutchosin
1,0,1,0,0,1,0,0,0,376,2116,1,amitakunal
1,0,1,0,0,0,0,0,3,67,4237,1,ouisrennant
1,0,0,31,0,1,0,0,9,73,5144,1,anapzma
1,0,0,0,0,0,0,0,2,93,6148,1,eesnnollins
1,0.333,2,47,1,1,0,0,33,308,799,1,sandip512
1,0,1,0,0,0,0,0,3,96,6275,1,lizaebthagan
1,0,1,147,0,1,0,0,861,592,1721,1,alex.cia
1,0,1,0,0,0,0,0,4,74,6193,1,uailnneillespie
1,0.222,1,0,0,0,0,0,135,204,1390,1,takshak11
1,0,1,0,0,0,0,0,2,97,6258,1,aluanewitt
1,0.444,2,28,0,0,0,0,19,664,2452,1,izzy_3062
1,0,1,0,0,1,0,0,1,31,958,1,kellisboura
1,0,2,59,0,0,0,1,1549,151,267,1,aneda.aa
1,0,1,0,0,0,0,0,3,66,5338,1,creativityox
1,0,0,0,0,0,0,0,2,81,6234,1,aoktaoelwr
1,0,1,0,0,0,0,0,4,63,5238,1,ddisynhwen
0,0.235,0,0,0,0,0,0,0,16,475,1,holasoygerman9812
0,0.25,2,0,0,0,0,0,0,9,0,1,mangat91
0,0,2,12,0,0,0,0,0,17,535,1,bigbouldercolorado
1,0,1,0,0,0,0,0,3,79,6187,1,argaretzrace
1,0,0,0,0,0,0,0,1,52,673,1,diulia_valentina_brum__dutra
1,0,2,52,0,1,0,0,33,209,414,1,asharnabi
1,0,1,0,0,0,0,0,2,103,6200,1,ackenziefllen
1,0.091,2,0,0,0,0,0,59,549,2449,1,oo7_bhavesh
1,0,2,0,0,0,0,0,1,26,878,1,hardikshanu
1,0.143,1,0,0,0,0,0,18,490,6584,1,magensuppiah75
1,0,1,52,0,1,0,0,337,396,1219,1,colourmediverse
1,0,1,0,0,0,0,0,4,90,5982,1,quitcarland
1,0,2,117,0,1,0,0,363,279,1244,1,dinakefel
1,0,1,0,0,0,0,0,3,81,6293,1,pratyose
1,0,2,0,0,0,0,0,5,15,292,1,rikindsuza
1,0,1,136,0,0,0,1,297,1454,5684,1,urbanrangbyekta
1,0.308,1,54,0,1,0,0,43,132,321,1,patel_jay6669
1,0.176,1,0,0,0,0,0,1,58,3065,1,lx187erz_follower
1,0,0,0,0,1,0,0,10,25,6098,1,ercedesoilwng
1,0.231,1,149,1,0,0,0,27,129,3056,1,salesshop.123
1,0,1,41,0,0,0,0,1,244,763,1,cheezpuff.com_omg
1,0,0,0,0,0,0,0,5,16,536,1,esgaydhw
1,0,0,0,0,0,0,0,2,52,6146,1,araoestllo
1,0,1,0,0,0,0,0,3,82,4593,1,programobinson
1,0,0,78,0,0,0,0,11,301,832,1,infinitewonder
1,0,0,0,0,1,0,0,3,23,4548,1,meliangarm
1,0,0,0,0,1,0,0,3,24,5174,1,ejaturat
1,0.231,2,30,0,1,0,0,28,360,838,1,swatipatel781
1,0.5,2,44,0,1,0,0,7833,1021,7497,1,mac791
1,0.3,1,4,0,0,0,0,7,5,22,1,loveend827
1,0,1,0,0,0,0,0,4,65,5242,1,lvinlaeghtur
1,0,1,0,0,0,0,0,2,87,5434,1,aidhurlhicl
1,0,1,0,0,0,0,0,1,25,1228,1,hhhhhhlmv
1,0.091,0,0,0,1,0,0,2,27,3609,1,lianau3llen
0,0,2,17,1,1,0,0,0,104,3282,1,ta.chouhan
1,0.143,2,0,0,0,0,0,1,332,3090,1,smaryj1
1,0,2,2,0,1,0,0,8,661,1562,1,_fanindra
0,0,0,0,0,0,0,0,0,2,223,1,esdhtjjfjsdj
1,0,2,58,0,1,0,0,47,296,4909,1,vaghasiyaparth
1,0.143,1,0,0,1,0,0,0,5,67,1,alkesh.patel97
1,0,1,0,0,0,0,0,3,81,6108,1,bdoyonnell
