handlerrossf,1620355068,,True,36,6172,2,False,,
jeet_studios,4217707613,Toronto Wedding Photography,False,3510,552,510,True,"Fri, 06 Mar 2020 13:09:59 ora solare Europa occidentale",Artist | Photographer | wedding photography| Fashion shoots. Toronto. Book for 2020-2021 Email for inquiries: jeetstudiosğŸ‘».
hjejendbdnsnshsb,8650997427,hjejendbdnsnshsb,False,9,516,0,False,"Fri, 06 Mar 2020 13:10:05 ora solare Europa occidentale",
_sakshipatel,180217031,UofTğŸ,False,238,462,21,False,"Fri, 06 Mar 2020 13:10:11 ora solare Europa occidentale",
argumentlein,1602360698,,False,90,6166,3,False,"Fri, 06 Mar 2020 13:10:16 ora solare Europa occidentale",
nidhiichokshii,1475170632,,True,721,689,52,False,,UWaterloo | Doctor of PharmacyğŸ‘©ğŸ»â€âš•ï¸ğŸ’Š
skfjfndnskalskx,8654876780,skfjfndnskalskx,False,6,532,0,False,"Fri, 06 Mar 2020 13:10:27 ora solare Europa occidentale",
shelbychaves,213367823,ShelbyChaves,True,272,384,202,False,,
instantustin,1602499125,Dillan,False,63,4586,2,False,"Fri, 06 Mar 2020 13:10:38 ora solare Europa occidentale",
ootlnxenderson,1619763906,Kamren,False,86,6163,3,False,"Fri, 06 Mar 2020 13:10:44 ora solare Europa occidentale",
jj.pw1851,6958299494,JJ.PW,False,2,198,1,False,"Fri, 06 Mar 2020 13:10:49 ora solare Europa occidentale",
choudhuryaditya,1682354392,Aditya Choudhury,True,372,7319,27,False,,
eilndaoody,1624254594,,False,78,5060,5,False,"Fri, 06 Mar 2020 13:11:00 ora solare Europa occidentale",
